text,gold,pred_sm,pred_trf,pred_rule
CRICKET - LEICESTERSHIRE TAKE OVER AT TOP AFTER INNINGS VICTORY .,"[{'label': 'ORG', 'start': 10, 'end': 24}]",[],[],[]
LONDON 1996-08-30,"[{'label': 'LOC', 'start': 0, 'end': 6}]","[{'label': 'GPE', 'start': 0, 'end': 6}, {'label': 'DATE', 'start': 7, 'end': 17}]","[{'label': 'GPE', 'start': 0, 'end': 6}, {'label': 'DATE', 'start': 7, 'end': 17}]",[]
West Indian all-rounder Phil Simmons took four for 38 on Friday as Leicestershire beat Somerset by an innings and 39 runs in two days to take over at the head of the county championship .,"[{'label': 'MISC', 'start': 0, 'end': 11}, {'label': 'PER', 'start': 24, 'end': 36}, {'label': 'ORG', 'start': 67, 'end': 81}, {'label': 'ORG', 'start': 87, 'end': 95}]","[{'label': 'NORP', 'start': 0, 'end': 11}, {'label': 'PERSON', 'start': 24, 'end': 36}, {'label': 'CARDINAL', 'start': 42, 'end': 46}, {'label': 'CARDINAL', 'start': 51, 'end': 53}, {'label': 'DATE', 'start': 57, 'end': 63}, {'label': 'FAC', 'start': 67, 'end': 81}, {'label': 'GPE', 'start': 87, 'end': 95}, {'label': 'CARDINAL', 'start': 114, 'end': 116}, {'label': 'DATE', 'start': 125, 'end': 133}]","[{'label': 'NORP', 'start': 0, 'end': 11}, {'label': 'PERSON', 'start': 24, 'end': 36}, {'label': 'CARDINAL', 'start': 42, 'end': 46}, {'label': 'CARDINAL', 'start': 51, 'end': 53}, {'label': 'DATE', 'start': 57, 'end': 63}, {'label': 'ORG', 'start': 67, 'end': 81}, {'label': 'ORG', 'start': 87, 'end': 95}, {'label': 'CARDINAL', 'start': 114, 'end': 116}, {'label': 'DATE', 'start': 125, 'end': 133}]","[{'label': 'PERSON', 'start': 0, 'end': 11}, {'label': 'PERSON', 'start': 24, 'end': 36}]"
"Their stay on top , though , may be short-lived as title rivals Essex , Derbyshire and Surrey all closed in on victory while Kent made up for lost time in their rain-affected match against Nottinghamshire .","[{'label': 'ORG', 'start': 64, 'end': 69}, {'label': 'ORG', 'start': 72, 'end': 82}, {'label': 'ORG', 'start': 87, 'end': 93}, {'label': 'ORG', 'start': 125, 'end': 129}, {'label': 'ORG', 'start': 189, 'end': 204}]","[{'label': 'PERSON', 'start': 72, 'end': 82}, {'label': 'PERSON', 'start': 87, 'end': 93}, {'label': 'PERSON', 'start': 125, 'end': 129}, {'label': 'PERSON', 'start': 189, 'end': 204}]","[{'label': 'ORG', 'start': 64, 'end': 69}, {'label': 'ORG', 'start': 72, 'end': 82}, {'label': 'ORG', 'start': 87, 'end': 93}, {'label': 'ORG', 'start': 125, 'end': 129}, {'label': 'GPE', 'start': 189, 'end': 204}]",[]
"After bowling Somerset out for 83 on the opening morning at Grace Road , Leicestershire extended their first innings by 94 runs before being bowled out for 296 with England discard Andy Caddick taking three for 83 .","[{'label': 'ORG', 'start': 14, 'end': 22}, {'label': 'LOC', 'start': 60, 'end': 70}, {'label': 'ORG', 'start': 73, 'end': 87}, {'label': 'LOC', 'start': 165, 'end': 172}, {'label': 'PER', 'start': 181, 'end': 193}]","[{'label': 'GPE', 'start': 14, 'end': 22}, {'label': 'CARDINAL', 'start': 31, 'end': 33}, {'label': 'TIME', 'start': 37, 'end': 56}, {'label': 'FAC', 'start': 60, 'end': 87}, {'label': 'ORDINAL', 'start': 103, 'end': 108}, {'label': 'CARDINAL', 'start': 120, 'end': 122}, {'label': 'CARDINAL', 'start': 156, 'end': 159}, {'label': 'GPE', 'start': 165, 'end': 172}, {'label': 'PERSON', 'start': 181, 'end': 193}, {'label': 'CARDINAL', 'start': 201, 'end': 206}, {'label': 'DATE', 'start': 211, 'end': 213}]","[{'label': 'ORG', 'start': 14, 'end': 22}, {'label': 'CARDINAL', 'start': 31, 'end': 33}, {'label': 'TIME', 'start': 37, 'end': 56}, {'label': 'FAC', 'start': 60, 'end': 70}, {'label': 'ORG', 'start': 73, 'end': 87}, {'label': 'ORDINAL', 'start': 103, 'end': 108}, {'label': 'CARDINAL', 'start': 120, 'end': 122}, {'label': 'CARDINAL', 'start': 156, 'end': 159}, {'label': 'GPE', 'start': 165, 'end': 172}, {'label': 'PERSON', 'start': 181, 'end': 193}, {'label': 'CARDINAL', 'start': 201, 'end': 206}, {'label': 'CARDINAL', 'start': 211, 'end': 213}]","[{'label': 'PERSON', 'start': 60, 'end': 70}, {'label': 'PERSON', 'start': 181, 'end': 193}]"
"Trailing by 213 , Somerset got a solid start to their second innings before Simmons stepped in to bundle them out for 174 .","[{'label': 'ORG', 'start': 18, 'end': 26}, {'label': 'PER', 'start': 76, 'end': 83}]","[{'label': 'CARDINAL', 'start': 12, 'end': 15}, {'label': 'GPE', 'start': 18, 'end': 26}, {'label': 'ORDINAL', 'start': 54, 'end': 60}, {'label': 'ORG', 'start': 76, 'end': 83}, {'label': 'CARDINAL', 'start': 118, 'end': 121}]","[{'label': 'CARDINAL', 'start': 12, 'end': 15}, {'label': 'ORG', 'start': 18, 'end': 26}, {'label': 'ORDINAL', 'start': 54, 'end': 60}, {'label': 'PERSON', 'start': 76, 'end': 83}, {'label': 'CARDINAL', 'start': 118, 'end': 121}]",[]
"Essex , however , look certain to regain their top spot after Nasser Hussain and Peter Such gave them a firm grip on their match against Yorkshire at Headingley .","[{'label': 'ORG', 'start': 0, 'end': 5}, {'label': 'PER', 'start': 62, 'end': 76}, {'label': 'PER', 'start': 81, 'end': 91}, {'label': 'ORG', 'start': 137, 'end': 146}, {'label': 'LOC', 'start': 150, 'end': 160}]","[{'label': 'PERSON', 'start': 62, 'end': 76}, {'label': 'PERSON', 'start': 81, 'end': 91}, {'label': 'PERSON', 'start': 137, 'end': 160}]","[{'label': 'ORG', 'start': 0, 'end': 5}, {'label': 'PERSON', 'start': 62, 'end': 76}, {'label': 'PERSON', 'start': 81, 'end': 91}, {'label': 'GPE', 'start': 137, 'end': 146}, {'label': 'FAC', 'start': 150, 'end': 160}]","[{'label': 'PERSON', 'start': 62, 'end': 76}, {'label': 'PERSON', 'start': 81, 'end': 91}]"
"Hussain , considered surplus to England 's one-day requirements , struck 158 , his first championship century of the season , as Essex reached 372 and took a first innings lead of 82 .","[{'label': 'PER', 'start': 0, 'end': 7}, {'label': 'LOC', 'start': 32, 'end': 39}, {'label': 'ORG', 'start': 129, 'end': 134}]","[{'label': 'GPE', 'start': 0, 'end': 7}, {'label': 'GPE', 'start': 32, 'end': 39}, {'label': 'DATE', 'start': 43, 'end': 50}, {'label': 'CARDINAL', 'start': 73, 'end': 76}, {'label': 'NORP', 'start': 129, 'end': 134}, {'label': 'CARDINAL', 'start': 143, 'end': 146}, {'label': 'ORDINAL', 'start': 158, 'end': 163}, {'label': 'CARDINAL', 'start': 180, 'end': 182}]","[{'label': 'PERSON', 'start': 0, 'end': 7}, {'label': 'GPE', 'start': 32, 'end': 39}, {'label': 'DATE', 'start': 43, 'end': 50}, {'label': 'CARDINAL', 'start': 73, 'end': 76}, {'label': 'ORDINAL', 'start': 83, 'end': 88}, {'label': 'ORG', 'start': 129, 'end': 134}, {'label': 'CARDINAL', 'start': 143, 'end': 146}, {'label': 'ORDINAL', 'start': 158, 'end': 163}, {'label': 'CARDINAL', 'start': 180, 'end': 182}]",[]
"By the close Yorkshire had turned that into a 37-run advantage but off-spinner Such had scuttled their hopes , taking four for 24 in 48 balls and leaving them hanging on 119 for five and praying for rain .","[{'label': 'ORG', 'start': 13, 'end': 22}, {'label': 'PER', 'start': 79, 'end': 83}]","[{'label': 'PERSON', 'start': 13, 'end': 22}, {'label': 'CARDINAL', 'start': 46, 'end': 48}, {'label': 'CARDINAL', 'start': 118, 'end': 122}, {'label': 'CARDINAL', 'start': 127, 'end': 129}, {'label': 'CARDINAL', 'start': 133, 'end': 135}, {'label': 'CARDINAL', 'start': 170, 'end': 173}, {'label': 'CARDINAL', 'start': 178, 'end': 182}]","[{'label': 'GPE', 'start': 13, 'end': 22}, {'label': 'CARDINAL', 'start': 46, 'end': 48}, {'label': 'CARDINAL', 'start': 118, 'end': 122}, {'label': 'CARDINAL', 'start': 127, 'end': 129}, {'label': 'CARDINAL', 'start': 133, 'end': 135}, {'label': 'CARDINAL', 'start': 170, 'end': 173}, {'label': 'CARDINAL', 'start': 178, 'end': 182}]",[]
"At the Oval , Surrey captain Chris Lewis , another man dumped by England , continued to silence his critics as he followed his four for 45 on Thursday with 80 not out on Friday in the match against Warwickshire .","[{'label': 'LOC', 'start': 7, 'end': 11}, {'label': 'ORG', 'start': 14, 'end': 20}, {'label': 'PER', 'start': 29, 'end': 40}, {'label': 'LOC', 'start': 65, 'end': 72}, {'label': 'ORG', 'start': 198, 'end': 210}]","[{'label': 'PERSON', 'start': 14, 'end': 20}, {'label': 'PERSON', 'start': 29, 'end': 40}, {'label': 'GPE', 'start': 65, 'end': 72}, {'label': 'CARDINAL', 'start': 127, 'end': 131}, {'label': 'CARDINAL', 'start': 136, 'end': 138}, {'label': 'DATE', 'start': 142, 'end': 150}, {'label': 'CARDINAL', 'start': 156, 'end': 158}, {'label': 'DATE', 'start': 170, 'end': 176}, {'label': 'ORG', 'start': 198, 'end': 210}]","[{'label': 'FAC', 'start': 7, 'end': 11}, {'label': 'ORG', 'start': 14, 'end': 20}, {'label': 'PERSON', 'start': 29, 'end': 40}, {'label': 'ORG', 'start': 65, 'end': 72}, {'label': 'CARDINAL', 'start': 127, 'end': 131}, {'label': 'CARDINAL', 'start': 136, 'end': 138}, {'label': 'DATE', 'start': 142, 'end': 150}, {'label': 'CARDINAL', 'start': 156, 'end': 158}, {'label': 'DATE', 'start': 170, 'end': 176}, {'label': 'ORG', 'start': 198, 'end': 210}]","[{'label': 'PERSON', 'start': 29, 'end': 40}]"
"He was well backed by England hopeful Mark Butcher who made 70 as Surrey closed on 429 for seven , a lead of 234 .","[{'label': 'LOC', 'start': 22, 'end': 29}, {'label': 'PER', 'start': 38, 'end': 50}, {'label': 'ORG', 'start': 66, 'end': 72}]","[{'label': 'GPE', 'start': 22, 'end': 29}, {'label': 'PERSON', 'start': 38, 'end': 50}, {'label': 'CARDINAL', 'start': 60, 'end': 62}, {'label': 'PERSON', 'start': 66, 'end': 72}, {'label': 'CARDINAL', 'start': 83, 'end': 86}, {'label': 'CARDINAL', 'start': 91, 'end': 96}, {'label': 'CARDINAL', 'start': 109, 'end': 112}]","[{'label': 'GPE', 'start': 22, 'end': 29}, {'label': 'PERSON', 'start': 38, 'end': 50}, {'label': 'CARDINAL', 'start': 60, 'end': 62}, {'label': 'ORG', 'start': 66, 'end': 72}, {'label': 'CARDINAL', 'start': 83, 'end': 86}, {'label': 'CARDINAL', 'start': 91, 'end': 96}, {'label': 'CARDINAL', 'start': 109, 'end': 112}]","[{'label': 'PERSON', 'start': 38, 'end': 50}]"
"Derbyshire kept up the hunt for their first championship title since 1936 by reducing Worcestershire to 133 for five in their second innings , still 100 runs away from avoiding an innings defeat .","[{'label': 'ORG', 'start': 0, 'end': 10}, {'label': 'ORG', 'start': 86, 'end': 100}]","[{'label': 'ORDINAL', 'start': 38, 'end': 43}, {'label': 'DATE', 'start': 69, 'end': 73}, {'label': 'PERSON', 'start': 86, 'end': 100}, {'label': 'CARDINAL', 'start': 104, 'end': 107}, {'label': 'CARDINAL', 'start': 112, 'end': 116}, {'label': 'ORDINAL', 'start': 126, 'end': 132}, {'label': 'CARDINAL', 'start': 149, 'end': 152}]","[{'label': 'ORG', 'start': 0, 'end': 10}, {'label': 'ORDINAL', 'start': 38, 'end': 43}, {'label': 'DATE', 'start': 69, 'end': 73}, {'label': 'ORG', 'start': 86, 'end': 100}, {'label': 'CARDINAL', 'start': 104, 'end': 107}, {'label': 'CARDINAL', 'start': 112, 'end': 116}, {'label': 'ORDINAL', 'start': 126, 'end': 132}, {'label': 'CARDINAL', 'start': 149, 'end': 152}]",[]
"Australian Tom Moody took six for 82 but Chris Adams , 123 , and Tim O'Gorman , 109 , took Derbyshire to 471 and a first innings lead of 233 .","[{'label': 'MISC', 'start': 0, 'end': 10}, {'label': 'PER', 'start': 11, 'end': 20}, {'label': 'PER', 'start': 41, 'end': 52}, {'label': 'PER', 'start': 65, 'end': 77}, {'label': 'ORG', 'start': 91, 'end': 101}]","[{'label': 'NORP', 'start': 0, 'end': 10}, {'label': 'PERSON', 'start': 11, 'end': 20}, {'label': 'CARDINAL', 'start': 26, 'end': 29}, {'label': 'CARDINAL', 'start': 34, 'end': 36}, {'label': 'PERSON', 'start': 41, 'end': 52}, {'label': 'CARDINAL', 'start': 55, 'end': 58}, {'label': 'PERSON', 'start': 65, 'end': 77}, {'label': 'CARDINAL', 'start': 80, 'end': 83}, {'label': 'ORG', 'start': 91, 'end': 101}, {'label': 'CARDINAL', 'start': 105, 'end': 108}, {'label': 'ORDINAL', 'start': 115, 'end': 120}, {'label': 'CARDINAL', 'start': 137, 'end': 140}]","[{'label': 'NORP', 'start': 0, 'end': 10}, {'label': 'PERSON', 'start': 11, 'end': 20}, {'label': 'CARDINAL', 'start': 26, 'end': 29}, {'label': 'CARDINAL', 'start': 34, 'end': 36}, {'label': 'PERSON', 'start': 41, 'end': 52}, {'label': 'CARDINAL', 'start': 55, 'end': 58}, {'label': 'PERSON', 'start': 65, 'end': 77}, {'label': 'CARDINAL', 'start': 80, 'end': 83}, {'label': 'ORG', 'start': 91, 'end': 101}, {'label': 'CARDINAL', 'start': 105, 'end': 108}, {'label': 'ORDINAL', 'start': 115, 'end': 120}, {'label': 'CARDINAL', 'start': 137, 'end': 140}]","[{'label': 'PERSON', 'start': 0, 'end': 14}, {'label': 'PERSON', 'start': 41, 'end': 52}, {'label': 'PERSON', 'start': 65, 'end': 77}]"
"After the frustration of seeing the opening day of their match badly affected by the weather , Kent stepped up a gear to dismiss Nottinghamshire for 214 .","[{'label': 'ORG', 'start': 95, 'end': 99}, {'label': 'ORG', 'start': 129, 'end': 144}]","[{'label': 'DATE', 'start': 32, 'end': 47}, {'label': 'PERSON', 'start': 95, 'end': 99}, {'label': 'PERSON', 'start': 129, 'end': 144}, {'label': 'CARDINAL', 'start': 149, 'end': 152}]","[{'label': 'PERSON', 'start': 95, 'end': 99}, {'label': 'GPE', 'start': 129, 'end': 144}, {'label': 'CARDINAL', 'start': 149, 'end': 152}]",[]
They were held up by a gritty 84 from Paul Johnson but ex-England fast bowler Martin McCague took four for 55 .,"[{'label': 'PER', 'start': 38, 'end': 50}, {'label': 'MISC', 'start': 55, 'end': 65}, {'label': 'PER', 'start': 78, 'end': 92}]","[{'label': 'CARDINAL', 'start': 30, 'end': 32}, {'label': 'PERSON', 'start': 38, 'end': 50}, {'label': 'PERSON', 'start': 55, 'end': 65}, {'label': 'PERSON', 'start': 78, 'end': 92}, {'label': 'CARDINAL', 'start': 98, 'end': 102}, {'label': 'DATE', 'start': 107, 'end': 109}]","[{'label': 'CARDINAL', 'start': 30, 'end': 32}, {'label': 'PERSON', 'start': 38, 'end': 50}, {'label': 'PERSON', 'start': 78, 'end': 92}, {'label': 'CARDINAL', 'start': 98, 'end': 102}, {'label': 'CARDINAL', 'start': 107, 'end': 109}]","[{'label': 'PERSON', 'start': 38, 'end': 50}]"
By stumps Kent had reached 108 for three .,"[{'label': 'ORG', 'start': 10, 'end': 14}]","[{'label': 'PERSON', 'start': 10, 'end': 14}, {'label': 'CARDINAL', 'start': 27, 'end': 30}, {'label': 'CARDINAL', 'start': 35, 'end': 40}]","[{'label': 'PERSON', 'start': 10, 'end': 14}, {'label': 'CARDINAL', 'start': 27, 'end': 30}, {'label': 'CARDINAL', 'start': 35, 'end': 40}]",[]
CRICKET - ENGLISH COUNTY CHAMPIONSHIP SCORES .,"[{'label': 'MISC', 'start': 10, 'end': 37}]",[],[],[]
LONDON 1996-08-30,"[{'label': 'LOC', 'start': 0, 'end': 6}]","[{'label': 'GPE', 'start': 0, 'end': 6}, {'label': 'DATE', 'start': 7, 'end': 17}]","[{'label': 'GPE', 'start': 0, 'end': 6}, {'label': 'DATE', 'start': 7, 'end': 17}]",[]
Result and close of play scores in English county championship matches on Friday :,"[{'label': 'MISC', 'start': 35, 'end': 42}]","[{'label': 'LANGUAGE', 'start': 35, 'end': 42}, {'label': 'DATE', 'start': 74, 'end': 80}]","[{'label': 'NORP', 'start': 35, 'end': 42}, {'label': 'DATE', 'start': 74, 'end': 80}]",[]
Leicester : Leicestershire beat Somerset by an innings and 39 runs .,"[{'label': 'LOC', 'start': 0, 'end': 9}, {'label': 'ORG', 'start': 12, 'end': 26}, {'label': 'ORG', 'start': 32, 'end': 40}]","[{'label': 'CARDINAL', 'start': 59, 'end': 61}]","[{'label': 'GPE', 'start': 0, 'end': 9}, {'label': 'GPE', 'start': 12, 'end': 26}, {'label': 'GPE', 'start': 32, 'end': 40}, {'label': 'CARDINAL', 'start': 59, 'end': 61}]",[]
"Somerset 83 and 174 ( P. Simmons 4-38 ) , Leicestershire 296 .","[{'label': 'ORG', 'start': 0, 'end': 8}, {'label': 'PER', 'start': 22, 'end': 32}, {'label': 'ORG', 'start': 42, 'end': 56}]","[{'label': 'FAC', 'start': 0, 'end': 11}, {'label': 'CARDINAL', 'start': 16, 'end': 19}, {'label': 'DATE', 'start': 33, 'end': 37}, {'label': 'PERSON', 'start': 42, 'end': 60}]","[{'label': 'CARDINAL', 'start': 9, 'end': 11}, {'label': 'CARDINAL', 'start': 16, 'end': 19}, {'label': 'CARDINAL', 'start': 33, 'end': 34}, {'label': 'CARDINAL', 'start': 34, 'end': 35}, {'label': 'CARDINAL', 'start': 35, 'end': 37}, {'label': 'GPE', 'start': 42, 'end': 56}, {'label': 'CARDINAL', 'start': 57, 'end': 60}]","[{'label': 'PERSON', 'start': 22, 'end': 32}]"
"Leicestershire 22 points , Somerset 4 .","[{'label': 'ORG', 'start': 0, 'end': 14}, {'label': 'ORG', 'start': 27, 'end': 35}]","[{'label': 'CARDINAL', 'start': 15, 'end': 17}, {'label': 'PERSON', 'start': 27, 'end': 37}]","[{'label': 'GPE', 'start': 0, 'end': 14}, {'label': 'CARDINAL', 'start': 15, 'end': 17}, {'label': 'GPE', 'start': 27, 'end': 35}, {'label': 'CARDINAL', 'start': 36, 'end': 37}]",[]
"Chester-le-Street : Glamorgan 259 and 207 ( A. Dale 69 , H. Morris 69 ; D. Blenkiron 4-43 ) , Durham 114 ( S. Watkin 4-28 ) and 81-3 .","[{'label': 'LOC', 'start': 0, 'end': 17}, {'label': 'ORG', 'start': 20, 'end': 29}, {'label': 'PER', 'start': 44, 'end': 51}, {'label': 'PER', 'start': 57, 'end': 66}, {'label': 'PER', 'start': 72, 'end': 84}, {'label': 'ORG', 'start': 94, 'end': 100}, {'label': 'PER', 'start': 107, 'end': 116}]","[{'label': 'PERSON', 'start': 0, 'end': 17}, {'label': 'CARDINAL', 'start': 38, 'end': 41}, {'label': 'ORG', 'start': 57, 'end': 69}, {'label': 'PERSON', 'start': 72, 'end': 89}, {'label': 'PERSON', 'start': 94, 'end': 104}, {'label': 'PERSON', 'start': 107, 'end': 121}, {'label': 'CARDINAL', 'start': 128, 'end': 132}]","[{'label': 'GPE', 'start': 20, 'end': 29}, {'label': 'CARDINAL', 'start': 30, 'end': 33}, {'label': 'CARDINAL', 'start': 38, 'end': 41}, {'label': 'PERSON', 'start': 44, 'end': 51}, {'label': 'CARDINAL', 'start': 52, 'end': 54}, {'label': 'PERSON', 'start': 57, 'end': 66}, {'label': 'CARDINAL', 'start': 67, 'end': 69}, {'label': 'CARDINAL', 'start': 85, 'end': 86}, {'label': 'CARDINAL', 'start': 86, 'end': 87}, {'label': 'GPE', 'start': 94, 'end': 100}, {'label': 'CARDINAL', 'start': 101, 'end': 104}, {'label': 'CARDINAL', 'start': 117, 'end': 118}, {'label': 'CARDINAL', 'start': 118, 'end': 119}, {'label': 'CARDINAL', 'start': 119, 'end': 121}, {'label': 'CARDINAL', 'start': 128, 'end': 130}, {'label': 'CARDINAL', 'start': 130, 'end': 131}]","[{'label': 'PERSON', 'start': 44, 'end': 51}, {'label': 'PERSON', 'start': 57, 'end': 66}, {'label': 'PERSON', 'start': 72, 'end': 84}, {'label': 'PERSON', 'start': 107, 'end': 116}]"
"Tunbridge Wells : Nottinghamshire 214 ( P. Johnson 84 ; M. McCague 4-55 ) , Kent 108-3 .","[{'label': 'LOC', 'start': 0, 'end': 15}, {'label': 'ORG', 'start': 18, 'end': 33}, {'label': 'PER', 'start': 40, 'end': 50}, {'label': 'PER', 'start': 56, 'end': 66}, {'label': 'ORG', 'start': 76, 'end': 80}]","[{'label': 'PERSON', 'start': 0, 'end': 15}, {'label': 'CARDINAL', 'start': 34, 'end': 37}, {'label': 'PERSON', 'start': 40, 'end': 53}, {'label': 'ORG', 'start': 56, 'end': 66}, {'label': 'PERSON', 'start': 76, 'end': 86}]","[{'label': 'GPE', 'start': 0, 'end': 15}, {'label': 'GPE', 'start': 18, 'end': 33}, {'label': 'CARDINAL', 'start': 34, 'end': 37}, {'label': 'PERSON', 'start': 40, 'end': 50}, {'label': 'CARDINAL', 'start': 51, 'end': 53}, {'label': 'PERSON', 'start': 56, 'end': 66}, {'label': 'CARDINAL', 'start': 67, 'end': 68}, {'label': 'CARDINAL', 'start': 68, 'end': 69}, {'label': 'CARDINAL', 'start': 69, 'end': 71}, {'label': 'GPE', 'start': 76, 'end': 80}, {'label': 'CARDINAL', 'start': 81, 'end': 84}, {'label': 'CARDINAL', 'start': 84, 'end': 85}, {'label': 'CARDINAL', 'start': 85, 'end': 86}]","[{'label': 'PERSON', 'start': 0, 'end': 15}, {'label': 'PERSON', 'start': 40, 'end': 50}]"
"London ( The Oval ) : Warwickshire 195 , Surrey 429-7 ( C. Lewis 80 not out , M. Butcher 70 , G. Kersey 63 , J. Ratcliffe 63 , D. Bicknell 55 ) .","[{'label': 'LOC', 'start': 0, 'end': 6}, {'label': 'LOC', 'start': 9, 'end': 17}, {'label': 'ORG', 'start': 22, 'end': 34}, {'label': 'ORG', 'start': 41, 'end': 47}, {'label': 'PER', 'start': 56, 'end': 64}, {'label': 'PER', 'start': 78, 'end': 88}, {'label': 'PER', 'start': 94, 'end': 103}, {'label': 'PER', 'start': 109, 'end': 121}, {'label': 'PER', 'start': 127, 'end': 138}]","[{'label': 'GPE', 'start': 0, 'end': 6}, {'label': 'CARDINAL', 'start': 35, 'end': 38}, {'label': 'LAW', 'start': 41, 'end': 53}, {'label': 'PERSON', 'start': 56, 'end': 64}, {'label': 'PERSON', 'start': 78, 'end': 88}, {'label': 'PERSON', 'start': 94, 'end': 106}, {'label': 'PERSON', 'start': 109, 'end': 124}, {'label': 'PERSON', 'start': 127, 'end': 138}, {'label': 'DATE', 'start': 139, 'end': 141}]","[{'label': 'GPE', 'start': 0, 'end': 6}, {'label': 'FAC', 'start': 13, 'end': 17}, {'label': 'GPE', 'start': 22, 'end': 34}, {'label': 'CARDINAL', 'start': 35, 'end': 38}, {'label': 'GPE', 'start': 41, 'end': 47}, {'label': 'CARDINAL', 'start': 48, 'end': 51}, {'label': 'CARDINAL', 'start': 51, 'end': 52}, {'label': 'CARDINAL', 'start': 52, 'end': 53}, {'label': 'PERSON', 'start': 56, 'end': 64}, {'label': 'CARDINAL', 'start': 65, 'end': 67}, {'label': 'PERSON', 'start': 78, 'end': 88}, {'label': 'DATE', 'start': 89, 'end': 91}, {'label': 'PERSON', 'start': 94, 'end': 103}, {'label': 'DATE', 'start': 104, 'end': 106}, {'label': 'PERSON', 'start': 109, 'end': 121}, {'label': 'CARDINAL', 'start': 122, 'end': 124}, {'label': 'PERSON', 'start': 127, 'end': 138}, {'label': 'CARDINAL', 'start': 139, 'end': 141}]","[{'label': 'PERSON', 'start': 9, 'end': 17}, {'label': 'PERSON', 'start': 56, 'end': 64}, {'label': 'PERSON', 'start': 78, 'end': 88}, {'label': 'PERSON', 'start': 94, 'end': 103}, {'label': 'PERSON', 'start': 109, 'end': 121}, {'label': 'PERSON', 'start': 127, 'end': 138}]"
"Hove : Sussex 363 ( W. Athey 111 , V. Drakes 52 ; I. Austin 4-37 ) , Lancashire 197-8 ( W. Hegg 54 )","[{'label': 'LOC', 'start': 0, 'end': 4}, {'label': 'ORG', 'start': 7, 'end': 13}, {'label': 'PER', 'start': 20, 'end': 28}, {'label': 'PER', 'start': 35, 'end': 44}, {'label': 'PER', 'start': 50, 'end': 59}, {'label': 'ORG', 'start': 69, 'end': 79}, {'label': 'PER', 'start': 88, 'end': 95}]","[{'label': 'CARDINAL', 'start': 29, 'end': 32}, {'label': 'CARDINAL', 'start': 45, 'end': 47}, {'label': 'PERSON', 'start': 50, 'end': 64}, {'label': 'PERSON', 'start': 88, 'end': 98}]","[{'label': 'GPE', 'start': 0, 'end': 4}, {'label': 'GPE', 'start': 7, 'end': 13}, {'label': 'CARDINAL', 'start': 14, 'end': 17}, {'label': 'PERSON', 'start': 20, 'end': 28}, {'label': 'CARDINAL', 'start': 29, 'end': 32}, {'label': 'PERSON', 'start': 35, 'end': 44}, {'label': 'CARDINAL', 'start': 45, 'end': 47}, {'label': 'PERSON', 'start': 50, 'end': 59}, {'label': 'CARDINAL', 'start': 60, 'end': 61}, {'label': 'CARDINAL', 'start': 61, 'end': 62}, {'label': 'CARDINAL', 'start': 62, 'end': 64}, {'label': 'GPE', 'start': 69, 'end': 79}, {'label': 'CARDINAL', 'start': 80, 'end': 83}, {'label': 'CARDINAL', 'start': 83, 'end': 84}, {'label': 'CARDINAL', 'start': 84, 'end': 85}, {'label': 'PERSON', 'start': 88, 'end': 95}, {'label': 'CARDINAL', 'start': 96, 'end': 98}]","[{'label': 'PERSON', 'start': 20, 'end': 28}, {'label': 'PERSON', 'start': 35, 'end': 44}, {'label': 'PERSON', 'start': 50, 'end': 59}, {'label': 'PERSON', 'start': 88, 'end': 95}]"
"Portsmouth : Middlesex 199 and 426 ( J. Pooley 111 , M. Ramprakash 108 , M. Gatting 83 ) , Hampshire 232 and 109-5 .","[{'label': 'LOC', 'start': 0, 'end': 10}, {'label': 'ORG', 'start': 13, 'end': 22}, {'label': 'PER', 'start': 37, 'end': 46}, {'label': 'PER', 'start': 53, 'end': 66}, {'label': 'PER', 'start': 73, 'end': 83}, {'label': 'ORG', 'start': 91, 'end': 100}]","[{'label': 'CARDINAL', 'start': 31, 'end': 34}, {'label': 'PERSON', 'start': 37, 'end': 50}, {'label': 'PERSON', 'start': 53, 'end': 66}, {'label': 'CARDINAL', 'start': 67, 'end': 70}, {'label': 'PERSON', 'start': 73, 'end': 86}, {'label': 'PERSON', 'start': 91, 'end': 104}, {'label': 'CARDINAL', 'start': 109, 'end': 112}]","[{'label': 'GPE', 'start': 0, 'end': 10}, {'label': 'GPE', 'start': 13, 'end': 22}, {'label': 'CARDINAL', 'start': 23, 'end': 26}, {'label': 'CARDINAL', 'start': 31, 'end': 34}, {'label': 'PERSON', 'start': 37, 'end': 46}, {'label': 'CARDINAL', 'start': 47, 'end': 50}, {'label': 'PERSON', 'start': 53, 'end': 66}, {'label': 'CARDINAL', 'start': 67, 'end': 70}, {'label': 'PERSON', 'start': 73, 'end': 83}, {'label': 'CARDINAL', 'start': 84, 'end': 86}, {'label': 'GPE', 'start': 91, 'end': 100}, {'label': 'CARDINAL', 'start': 101, 'end': 104}, {'label': 'CARDINAL', 'start': 109, 'end': 112}]","[{'label': 'PERSON', 'start': 37, 'end': 46}, {'label': 'PERSON', 'start': 53, 'end': 66}, {'label': 'PERSON', 'start': 73, 'end': 83}]"
"Chesterfield : Worcestershire 238 and 133-5 , Derbyshire 471 ( J. Adams 123 , T.O'Gorman 109 not out , K. Barnett 87 ; T. Moody 6-82 )","[{'label': 'LOC', 'start': 0, 'end': 12}, {'label': 'ORG', 'start': 15, 'end': 29}, {'label': 'ORG', 'start': 46, 'end': 56}, {'label': 'PER', 'start': 63, 'end': 71}, {'label': 'PER', 'start': 78, 'end': 88}, {'label': 'PER', 'start': 103, 'end': 113}, {'label': 'PER', 'start': 119, 'end': 127}]","[{'label': 'GPE', 'start': 0, 'end': 12}, {'label': 'ORG', 'start': 15, 'end': 33}, {'label': 'CARDINAL', 'start': 38, 'end': 41}, {'label': 'PERSON', 'start': 63, 'end': 75}, {'label': 'CARDINAL', 'start': 89, 'end': 92}, {'label': 'PERSON', 'start': 103, 'end': 113}, {'label': 'PERSON', 'start': 119, 'end': 127}, {'label': 'DATE', 'start': 128, 'end': 132}]","[{'label': 'GPE', 'start': 0, 'end': 12}, {'label': 'GPE', 'start': 15, 'end': 29}, {'label': 'CARDINAL', 'start': 30, 'end': 33}, {'label': 'CARDINAL', 'start': 38, 'end': 41}, {'label': 'GPE', 'start': 46, 'end': 56}, {'label': 'CARDINAL', 'start': 57, 'end': 60}, {'label': 'PERSON', 'start': 63, 'end': 71}, {'label': 'CARDINAL', 'start': 72, 'end': 75}, {'label': 'PERSON', 'start': 78, 'end': 88}, {'label': 'CARDINAL', 'start': 89, 'end': 92}, {'label': 'PERSON', 'start': 103, 'end': 113}, {'label': 'CARDINAL', 'start': 114, 'end': 116}, {'label': 'PERSON', 'start': 119, 'end': 127}, {'label': 'CARDINAL', 'start': 128, 'end': 129}, {'label': 'CARDINAL', 'start': 129, 'end': 130}, {'label': 'CARDINAL', 'start': 130, 'end': 132}]","[{'label': 'PERSON', 'start': 63, 'end': 71}, {'label': 'PERSON', 'start': 103, 'end': 113}, {'label': 'PERSON', 'start': 119, 'end': 127}]"
"Bristol : Gloucestershire 183 and 185-6 ( J. Russell 56 not out ) , Northamptonshire 190 ( K. Curran 52 ; A. Smith 5-68 ) .","[{'label': 'LOC', 'start': 0, 'end': 7}, {'label': 'ORG', 'start': 10, 'end': 25}, {'label': 'PER', 'start': 42, 'end': 52}, {'label': 'ORG', 'start': 68, 'end': 84}, {'label': 'PER', 'start': 91, 'end': 100}, {'label': 'PER', 'start': 106, 'end': 114}]","[{'label': 'PERSON', 'start': 0, 'end': 7}, {'label': 'CARDINAL', 'start': 26, 'end': 29}, {'label': 'CARDINAL', 'start': 34, 'end': 37}, {'label': 'PERSON', 'start': 42, 'end': 55}, {'label': 'GPE', 'start': 68, 'end': 84}, {'label': 'CARDINAL', 'start': 85, 'end': 88}, {'label': 'NORP', 'start': 91, 'end': 93}, {'label': 'CARDINAL', 'start': 101, 'end': 103}, {'label': 'PERSON', 'start': 106, 'end': 119}]","[{'label': 'GPE', 'start': 10, 'end': 25}, {'label': 'CARDINAL', 'start': 26, 'end': 29}, {'label': 'CARDINAL', 'start': 34, 'end': 37}, {'label': 'PERSON', 'start': 42, 'end': 52}, {'label': 'CARDINAL', 'start': 53, 'end': 55}, {'label': 'GPE', 'start': 68, 'end': 84}, {'label': 'CARDINAL', 'start': 85, 'end': 88}, {'label': 'PERSON', 'start': 91, 'end': 100}, {'label': 'CARDINAL', 'start': 101, 'end': 103}, {'label': 'PERSON', 'start': 106, 'end': 114}, {'label': 'CARDINAL', 'start': 115, 'end': 116}, {'label': 'CARDINAL', 'start': 116, 'end': 117}, {'label': 'CARDINAL', 'start': 117, 'end': 119}]","[{'label': 'PERSON', 'start': 42, 'end': 52}, {'label': 'PERSON', 'start': 91, 'end': 100}, {'label': 'PERSON', 'start': 106, 'end': 114}]"
CRICKET - 1997 ASHES INTINERARY .,"[{'label': 'MISC', 'start': 15, 'end': 20}]",[],"[{'label': 'DATE', 'start': 10, 'end': 14}]",[]
LONDON 1996-08-30,"[{'label': 'LOC', 'start': 0, 'end': 6}]","[{'label': 'GPE', 'start': 0, 'end': 6}, {'label': 'DATE', 'start': 7, 'end': 17}]","[{'label': 'GPE', 'start': 0, 'end': 6}, {'label': 'DATE', 'start': 7, 'end': 17}]",[]
Australia will defend the Ashes in,"[{'label': 'LOC', 'start': 0, 'end': 9}, {'label': 'MISC', 'start': 26, 'end': 31}]","[{'label': 'GPE', 'start': 0, 'end': 9}, {'label': 'PERSON', 'start': 26, 'end': 31}]","[{'label': 'GPE', 'start': 0, 'end': 9}, {'label': 'WORK_OF_ART', 'start': 26, 'end': 31}]",[]
a six-test series against England during a four-month tour,"[{'label': 'LOC', 'start': 26, 'end': 33}]","[{'label': 'CARDINAL', 'start': 2, 'end': 5}, {'label': 'GPE', 'start': 26, 'end': 33}, {'label': 'DATE', 'start': 43, 'end': 53}]","[{'label': 'CARDINAL', 'start': 2, 'end': 5}, {'label': 'GPE', 'start': 26, 'end': 33}, {'label': 'DATE', 'start': 43, 'end': 53}]",[]
"starting on May 13 next year , the Test and County Cricket Board","[{'label': 'ORG', 'start': 35, 'end': 64}]","[{'label': 'DATE', 'start': 12, 'end': 28}]","[{'label': 'DATE', 'start': 12, 'end': 28}, {'label': 'ORG', 'start': 31, 'end': 64}]","[{'label': 'PERSON', 'start': 44, 'end': 58}]"
said on Friday .,[],"[{'label': 'DATE', 'start': 8, 'end': 14}]","[{'label': 'DATE', 'start': 8, 'end': 14}]",[]
Australia will also play three one-day internationals and,"[{'label': 'LOC', 'start': 0, 'end': 9}]","[{'label': 'GPE', 'start': 0, 'end': 9}, {'label': 'CARDINAL', 'start': 25, 'end': 30}, {'label': 'DATE', 'start': 31, 'end': 38}]","[{'label': 'GPE', 'start': 0, 'end': 9}, {'label': 'CARDINAL', 'start': 25, 'end': 30}]",[]
four one-day warm-up matches at the start of the tour .,[],"[{'label': 'CARDINAL', 'start': 0, 'end': 4}, {'label': 'DATE', 'start': 5, 'end': 12}]","[{'label': 'CARDINAL', 'start': 0, 'end': 4}, {'label': 'DATE', 'start': 5, 'end': 12}]",[]
The tourists will play nine first-class matches against,[],"[{'label': 'CARDINAL', 'start': 23, 'end': 27}, {'label': 'ORDINAL', 'start': 28, 'end': 33}]","[{'label': 'CARDINAL', 'start': 23, 'end': 27}, {'label': 'ORDINAL', 'start': 28, 'end': 33}]",[]
"English county sides and another against British Universities ,","[{'label': 'MISC', 'start': 0, 'end': 7}, {'label': 'ORG', 'start': 41, 'end': 61}]","[{'label': 'LANGUAGE', 'start': 0, 'end': 7}, {'label': 'ORG', 'start': 41, 'end': 61}]","[{'label': 'NORP', 'start': 0, 'end': 7}, {'label': 'NORP', 'start': 41, 'end': 48}]","[{'label': 'PERSON', 'start': 41, 'end': 61}]"
as well as one-day matches against the Minor Counties and,"[{'label': 'ORG', 'start': 39, 'end': 53}]","[{'label': 'DATE', 'start': 11, 'end': 18}]","[{'label': 'DATE', 'start': 11, 'end': 18}, {'label': 'GPE', 'start': 35, 'end': 53}]","[{'label': 'PERSON', 'start': 39, 'end': 53}]"
Scotland .,"[{'label': 'LOC', 'start': 0, 'end': 8}]","[{'label': 'GPE', 'start': 0, 'end': 8}]","[{'label': 'GPE', 'start': 0, 'end': 8}]",[]
Tour itinerary :,[],[],[],[]
May,[],[],"[{'label': 'DATE', 'start': 0, 'end': 3}]",[]
May 13 Arrive in London,"[{'label': 'LOC', 'start': 17, 'end': 23}]","[{'label': 'DATE', 'start': 0, 'end': 6}, {'label': 'GPE', 'start': 17, 'end': 23}]","[{'label': 'DATE', 'start': 0, 'end': 6}, {'label': 'GPE', 'start': 17, 'end': 23}]",[]
May 14 Practice at Lord 's,"[{'label': 'LOC', 'start': 19, 'end': 26}]","[{'label': 'DATE', 'start': 0, 'end': 6}]","[{'label': 'DATE', 'start': 0, 'end': 6}, {'label': 'FAC', 'start': 19, 'end': 26}]",[]
May 15 v Duke of Norfolk 's XI ( at Arundel ),"[{'label': 'ORG', 'start': 9, 'end': 30}, {'label': 'LOC', 'start': 36, 'end': 43}]","[{'label': 'DATE', 'start': 0, 'end': 6}, {'label': 'GPE', 'start': 17, 'end': 24}, {'label': 'ORG', 'start': 28, 'end': 30}]","[{'label': 'DATE', 'start': 0, 'end': 6}, {'label': 'PERSON', 'start': 17, 'end': 24}, {'label': 'GPE', 'start': 36, 'end': 43}]",[]
May 17 v Northampton,"[{'label': 'ORG', 'start': 9, 'end': 20}]","[{'label': 'DATE', 'start': 0, 'end': 6}, {'label': 'GPE', 'start': 9, 'end': 20}]","[{'label': 'DATE', 'start': 0, 'end': 6}, {'label': 'GPE', 'start': 9, 'end': 20}]",[]
May 18 v Worcestershire,"[{'label': 'ORG', 'start': 9, 'end': 23}]","[{'label': 'DATE', 'start': 0, 'end': 6}]","[{'label': 'DATE', 'start': 0, 'end': 6}, {'label': 'GPE', 'start': 9, 'end': 23}]",[]
May 20 v Durham,"[{'label': 'ORG', 'start': 9, 'end': 15}]","[{'label': 'DATE', 'start': 0, 'end': 6}]","[{'label': 'DATE', 'start': 0, 'end': 6}, {'label': 'GPE', 'start': 9, 'end': 15}]",[]
"May 22 First one-day international ( at Headingley ,","[{'label': 'LOC', 'start': 40, 'end': 50}]","[{'label': 'DATE', 'start': 0, 'end': 6}, {'label': 'ORDINAL', 'start': 7, 'end': 12}, {'label': 'DATE', 'start': 13, 'end': 20}, {'label': 'ORG', 'start': 40, 'end': 50}]","[{'label': 'DATE', 'start': 0, 'end': 6}, {'label': 'ORDINAL', 'start': 7, 'end': 12}, {'label': 'DATE', 'start': 13, 'end': 20}, {'label': 'FAC', 'start': 40, 'end': 50}]",[]
